"","Fscore","Recall","Precision","Specificity","NPV","FPR","FNR","FDR","FOR","LRPT","LRNT","LRPS","LRNS","BalAcc","MCC","Chisq","Bray","Auto","Manu","A_M","TP","FP","FN","TN"
"0",0.996872575069956,0.994044269367848,0.999717021176249,0.835616438356164,0.193650793650794,0.164383561643836,0.00595573063215157,0.000282978823751356,0.806349206349206,6.04710263865441,0.00712734977290269,1.23980654200991,0.00146128408986356,0.914830353862006,0.40053673751661,13707.4325562586,0.00283233070386929,84812,85296,-484,84788,24,508,122
"1",0.314432989690722,0.835616438356164,0.193650793650794,0.994044269367848,0.999717021176249,0.00595573063215157,0.164383561643836,0.806349206349206,0.000282978823751356,140.304605759896,0.165368451596601,684.32962962963,0.806577450687466,0.914830353862006,0.40053673751661,13707.4325562586,0.00283233070386929,630,146,484,122,508,24,84788
