"","Fscore","Recall","Precision","Specificity","NPV","FPR","FNR","FDR","FOR","LRPT","LRNT","LRPS","LRNS","BalAcc","MCC","Chisq","Bray","Auto","Manu","A_M","TP","FP","FN","TN"
"0",0.983663758921491,0.99582530507386,0.971795675336885,0.971098265895954,0.995719459993415,0.0289017341040462,0.00417469492614001,0.028204324663115,0.00428054000658545,34.4555555555556,0.0042989417989418,227.026420461394,0.0283255734133202,0.983461785484907,0.967219307923966,5826.37614495906,0.00618175979447656,3191,3114,77,3101,90,13,3024
"1",0.983254755324337,0.971098265895954,0.995719459993415,0.99582530507386,0.971795675336885,0.00417469492614001,0.0289017341040462,0.00428054000658545,0.028204324663115,232.615384615385,0.0290228958400516,35.3037866315443,0.00440477367333575,0.983461785484907,0.967219307923966,5826.37614495906,0.00618175979447656,3037,3114,-77,3024,13,90,3101
